epoch,time,train/box_loss,train/cls_loss,train/dfl_loss,metrics/precision(B),metrics/recall(B),metrics/mAP50(B),metrics/mAP50-95(B),val/box_loss,val/cls_loss,val/dfl_loss,lr/pg0,lr/pg1,lr/pg2
1,16.2353,2.30083,4.01885,2.51108,0.00106,0.375,0.0021,0.00062,2.03611,4.74108,2.37392,0.09703,3e-05,3e-05
2,33.0903,1.48358,3.65265,1.69949,0.00095,0.33333,0.00131,0.00032,2.41205,5.0356,2.73515,0.0930697,6.97228e-05,6.97228e-05
3,49.1135,1.45978,3.41489,1.52823,0.00189,0.35,0.00409,0.00132,3.28001,5.06169,3.83058,0.0891091,0.000109129,0.000109129
4,66.605,1.42921,2.8555,1.4696,0.00077,0.29167,0.12838,0.03007,3.86377,5.3099,4.79501,0.0851482,0.000148218,0.000148218
5,82.5006,1.43847,2.4652,1.43676,0.00676,0.70833,0.23144,0.09539,2.9321,4.70461,3.4132,0.081187,0.00018699,0.00018699
6,99.0716,1.40438,2.50959,1.5125,0.00198,0.70833,0.18595,0.09497,2.00937,3.83858,2.08718,0.0772254,0.000225446,0.000225446
7,115.244,1.48512,2.33308,1.4573,0.09868,0.95833,0.33332,0.15974,1.91218,3.57237,2.00408,0.0732636,0.000263585,0.000263585
8,131.095,1.40299,1.98654,1.35436,0.0543,0.95833,0.37417,0.1925,1.74387,3.33088,1.89895,0.0693014,0.000301407,0.000301407
9,146.511,1.44679,2.01892,1.55591,0.03601,0.95833,0.45236,0.23442,1.61265,3.1296,1.76266,0.0653389,0.000338912,0.000338912
10,162.049,1.52305,1.95387,1.47715,0.02102,0.95833,0.50984,0.20689,1.9329,3.10169,1.97216,0.0613761,0.0003761,0.0003761
11,177.555,1.52919,1.89134,1.51182,0.64468,0.54022,0.74495,0.31284,1.91444,2.70903,2.00331,0.057413,0.000412972,0.000412972
12,192.998,1.47961,1.65574,1.42988,0.90781,0.47778,0.8025,0.40346,1.68852,2.46991,1.88861,0.0534495,0.000449527,0.000449527
13,208.493,1.51569,1.60779,1.55689,0.83662,0.48977,0.78151,0.37365,1.87678,2.54104,2.09093,0.0494858,0.000485765,0.000485765
14,223.923,1.43452,1.45711,1.43923,0.92544,0.34881,0.79713,0.31095,2.03301,2.73642,2.23317,0.0455217,0.000521686,0.000521686
15,239.358,1.52806,1.50299,1.47737,0.82014,0.3411,0.85651,0.3847,2.03641,2.73357,2.20296,0.0415573,0.00055729,0.00055729
16,254.761,1.47953,1.37042,1.42859,0.74463,0.64629,0.86394,0.45513,1.87901,2.33317,2.17762,0.0375926,0.000592578,0.000592578
17,270.18,1.44959,1.53303,1.47224,0.95868,0.54951,0.88756,0.43297,1.96451,2.09877,2.37084,0.0336275,0.000627549,0.000627549
18,286.032,1.52921,1.3464,1.47919,0.5169,0.7949,0.86027,0.44808,1.91,1.99046,2.42651,0.0296622,0.000662203,0.000662203
19,301.938,1.45314,1.2585,1.3914,0.6875,0.90915,0.91363,0.46051,1.86452,1.79721,2.29261,0.0256965,0.00069654,0.00069654
20,317.468,1.49327,1.2692,1.4884,0.76138,0.89012,0.93843,0.43909,1.91915,1.70141,2.32027,0.0217306,0.00073056,0.00073056
21,332.966,1.52538,1.27828,1.52687,0.65669,0.95704,0.94092,0.37735,2.24277,5.42161,2.59265,0.0177643,0.000764264,0.000764264
22,348.472,1.41458,1.32114,1.45297,0.59255,0.80833,0.81039,0.2261,2.59591,8.02415,3.01409,0.0137977,0.000797651,0.000797651
23,363.889,1.48092,1.30663,1.49319,0.58875,0.75833,0.80276,0.24776,2.62387,6.66732,3.01987,0.00983072,0.000830721,0.000830721
24,379.277,1.50257,1.38239,1.52049,0.76963,0.80738,0.81174,0.26011,2.43267,3.78262,2.87576,0.00586347,0.000863474,0.000863474
25,394.775,1.50938,1.29174,1.50857,0.74221,0.90833,0.93637,0.41426,2.08169,3.08998,2.48613,0.00189591,0.00089591,0.00089591
26,410.185,1.45629,1.33525,1.47397,0.61627,0.75833,0.8712,0.46402,1.72178,2.88308,2.11538,0.000901,0.000901,0.000901
27,425.551,1.40034,1.23992,1.40301,0.49095,0.77535,0.85519,0.50664,1.62765,2.17074,2.034,0.00089704,0.00089704,0.00089704
28,440.977,1.44215,1.27555,1.37474,0.75199,0.85321,0.90441,0.50724,1.54792,1.45206,1.92252,0.00089308,0.00089308,0.00089308
29,456.408,1.41864,1.23086,1.41221,0.87918,0.90833,0.87586,0.50323,1.54682,1.51751,1.90128,0.00088912,0.00088912,0.00088912
30,471.804,1.38922,1.20951,1.35063,0.80959,0.90833,0.87468,0.53592,1.5339,2.03439,1.88067,0.00088516,0.00088516,0.00088516
31,487.162,1.38501,1.2191,1.42866,0.78197,0.90833,0.88329,0.51845,1.58756,2.44961,1.90178,0.0008812,0.0008812,0.0008812
32,502.573,1.4868,1.25706,1.50839,0.8626,0.90833,0.87938,0.47866,1.76875,2.52373,2.12786,0.00087724,0.00087724,0.00087724
33,517.969,1.49019,1.2479,1.46221,0.88066,0.90833,0.89339,0.43407,1.96323,2.1281,2.41516,0.00087328,0.00087328,0.00087328
34,533.39,1.42886,1.17064,1.47182,0.89705,0.95833,0.90125,0.39273,2.09224,1.67604,2.57943,0.00086932,0.00086932,0.00086932
35,548.775,1.50101,1.17305,1.48254,0.85474,0.95276,0.90116,0.37908,2.03146,1.47726,2.46761,0.00086536,0.00086536,0.00086536
36,564.049,1.42378,1.27717,1.52508,0.76454,0.85833,0.7726,0.38058,1.99104,1.46934,2.37032,0.0008614,0.0008614,0.0008614
37,579.437,1.38533,1.16005,1.38541,0.82953,0.85833,0.81528,0.39312,2.01264,1.55572,2.37775,0.00085744,0.00085744,0.00085744
38,594.823,1.32885,1.18029,1.40482,0.8755,0.90833,0.90901,0.38895,2.05112,1.56214,2.34187,0.00085348,0.00085348,0.00085348
39,610.203,1.42689,1.15285,1.45578,0.82158,0.80603,0.76559,0.3178,2.29657,2.00764,2.54722,0.00084952,0.00084952,0.00084952
40,625.647,1.34453,1.10842,1.41703,0.70158,0.70833,0.70985,0.28638,2.34844,6.08151,2.54781,0.00084556,0.00084556,0.00084556
41,641.034,1.32325,1.09958,1.36124,0.74293,0.62443,0.66263,0.3023,2.29556,10.0916,2.49819,0.0008416,0.0008416,0.0008416
42,656.401,1.36952,1.18283,1.47562,0.63508,0.80833,0.68706,0.27224,2.44728,15.7795,2.61272,0.00083764,0.00083764,0.00083764
43,671.762,1.34267,1.15954,1.40354,0.51025,0.72392,0.57808,0.21742,2.50169,14.3154,2.72809,0.00083368,0.00083368,0.00083368
44,687.765,1.45086,1.17036,1.45284,0.48842,0.4774,0.5294,0.19562,2.5635,10.3771,2.76271,0.00082972,0.00082972,0.00082972
45,703.104,1.4795,1.21442,1.38727,0.60362,0.66667,0.63991,0.21596,2.58393,6.7702,2.70459,0.00082576,0.00082576,0.00082576
46,718.564,1.39,1.1209,1.36864,0.68725,0.85681,0.7145,0.30928,2.36455,3.53297,2.4633,0.0008218,0.0008218,0.0008218
47,733.933,1.34274,1.15696,1.38218,0.74885,0.87321,0.86032,0.40104,2.19354,1.82013,2.32379,0.00081784,0.00081784,0.00081784
48,749.364,1.38352,1.11842,1.4218,0.88911,0.90522,0.89051,0.45314,1.87853,1.43129,2.05808,0.00081388,0.00081388,0.00081388
49,764.741,1.3712,1.12563,1.41284,0.86594,0.90833,0.94083,0.50515,1.63416,1.38461,1.80785,0.00080992,0.00080992,0.00080992
50,780.085,1.30494,1.13306,1.38552,0.84815,0.92219,0.93843,0.50929,1.82764,1.65948,1.93384,0.00080596,0.00080596,0.00080596
